INSERT INTO object_types (object_type_id, title) VALUES (1, 'Laboratory');
INSERT INTO object_types (object_type_id, title) VALUES (2, 'City');
INSERT INTO object_types (object_type_id, title) VALUES (3, 'Post');


INSERT INTO objects (object_id, parent_id, type_id, title, address, lat, lon) VALUES (203215, null, 1, 'Архангельск (ЛМЗА)', null, 64.577537, 40.501883);
INSERT INTO objects (object_id, parent_id, type_id, title, address, lat, lon) VALUES (203377, null, 1, 'Сыктывкар (КЛМС)', null, 61.73507, 50.777569);
INSERT INTO objects (object_id, parent_id, type_id, title, address, lat, lon) VALUES (203392, null, 1, 'Ухта (ГМЗА)', null, 63.558517, 53.685747);
INSERT INTO objects (object_id, parent_id, type_id, title, address, lat, lon) VALUES (203245, null, 1, 'Вологда (КЛМС)', null, 59.239418, 39.897667);
INSERT INTO objects (object_id, parent_id, type_id, title, address, lat, lon) VALUES (224450, null, 1, 'Сосногорский ГПЗ', null, null, null);
INSERT INTO objects (object_id, parent_id, type_id, title, address, lat, lon) VALUES (224447, null, 1, 'филиала АО «Группа «Илим» ', null, null, null);
INSERT INTO objects (object_id, parent_id, type_id, title, address, lat, lon) VALUES (203359, null, 1, 'Северодвинск (ГМЗА)', null, 64.560417, 39.827598);
INSERT INTO objects (object_id, parent_id, type_id, title, address, lat, lon) VALUES (203410, null, 1, 'Череповец (ЛМЗА)', null, 59.131441, 37.933941);
INSERT INTO objects (object_id, parent_id, type_id, title, address, lat, lon) VALUES (203242, null, 1, 'Воркута (ГМЗА)', null, 67.508823, 64.0406);
INSERT INTO objects (object_id, parent_id, type_id, title, address, lat, lon) VALUES (226006, 203215, 2, 'Нарьян-Мар', null, 67.63805, 53.006926);
INSERT INTO objects (object_id, parent_id, type_id, title, address, lat, lon) VALUES (224415, 224447, 2, 'Коряжма', null, 61.288599, 47.100231);
INSERT INTO objects (object_id, parent_id, type_id, title, address, lat, lon) VALUES (200039, 203215, 2, 'Архангельск', null, 64.539911, 40.515753);
INSERT INTO objects (object_id, parent_id, type_id, title, address, lat, lon) VALUES (224422, 224450, 2, 'Сосногорск', null, 63.599998, 53.873117);
INSERT INTO objects (object_id, parent_id, type_id, title, address, lat, lon) VALUES (200165, 203377, 2, 'Сыктывкар', null, 61.668793, 50.836399);
INSERT INTO objects (object_id, parent_id, type_id, title, address, lat, lon) VALUES (200050, 203245, 2, 'Вологда', null, 59.220496, 39.891523);
INSERT INTO objects (object_id, parent_id, type_id, title, address, lat, lon) VALUES (200149, 203410, 2, 'Череповец', null, 59.122612, 39.903461);
INSERT INTO objects (object_id, parent_id, type_id, title, address, lat, lon) VALUES (200154, 203392, 2, 'Ухта', null, 63.562626, 53.684022);
INSERT INTO objects (object_id, parent_id, type_id, title, address, lat, lon) VALUES (200138, 203242, 2, 'Воркута', null, 67.49741, 64.061091);
INSERT INTO objects (object_id, parent_id, type_id, title, address, lat, lon) VALUES (200074, 203359, 2, 'Северодвинск', null, 64.562501, 39.818175);
INSERT INTO objects (object_id, parent_id, type_id, title, address, lat, lon) VALUES (200135, 203215, 2, 'Новодвинск', null, 64.413683, 40.820821);
INSERT INTO objects (object_id, parent_id, type_id, title, address, lat, lon) VALUES (202570, 200039, 3, '6', 'ул. Кировская, д. 6, стр. 1', 64.594438, 40.579462);
INSERT INTO objects (object_id, parent_id, type_id, title, address, lat, lon) VALUES (223707, 200074, 3, '3', 'ул.Дальняя, д. 16', 64.588223, 39.791659);
INSERT INTO objects (object_id, parent_id, type_id, title, address, lat, lon) VALUES (224416, 224415, 3, '1', 'ул.Пушкина, д. 11', 61.512222, 47.221388);
INSERT INTO objects (object_id, parent_id, type_id, title, address, lat, lon) VALUES (229257, 200149, 3, '4', 'Аэропорт', 59.282602, 38.025575);
INSERT INTO objects (object_id, parent_id, type_id, title, address, lat, lon) VALUES (202581, 200165, 3, '2', 'ул. Орджоникидзе, д. 40', 61.672306, 50.824278);
INSERT INTO objects (object_id, parent_id, type_id, title, address, lat, lon) VALUES (202579, 200138, 3, '2', 'ул.Ленинградская, д. 16а', 67.495845, 64.037489);
INSERT INTO objects (object_id, parent_id, type_id, title, address, lat, lon) VALUES (223709, 200135, 3, '2', null, 64.413683, 40.820821);
INSERT INTO objects (object_id, parent_id, type_id, title, address, lat, lon) VALUES (202582, 200165, 3, '9', 'пр-т Октябрьский, д. 69/ул.Оплеснина', 61.669089, 50.810987);
INSERT INTO objects (object_id, parent_id, type_id, title, address, lat, lon) VALUES (202577, 200154, 3, '1', 'пр-д Дружбы, д. 4', 63.564444, 53.677778);
INSERT INTO objects (object_id, parent_id, type_id, title, address, lat, lon) VALUES (202574, 200074, 3, '2', 'ул.Советская, д. 4', 64.568944, 39.851778);
INSERT INTO objects (object_id, parent_id, type_id, title, address, lat, lon) VALUES (202578, 200154, 3, '2', 'ул.Советская, д. 9', 63.570685, 53.667134);
INSERT INTO objects (object_id, parent_id, type_id, title, address, lat, lon) VALUES (202575, 200050, 3, '1', 'ул.Горького, д. 114', 59.223556, 39.911222);
INSERT INTO objects (object_id, parent_id, type_id, title, address, lat, lon) VALUES (223710, 200138, 3, '1', 'ул.Авиационная, д. 58', 67.49035, 64.006497);
INSERT INTO objects (object_id, parent_id, type_id, title, address, lat, lon) VALUES (226007, 226006, 3, '1', 'ул.60-летия Октября, д. 37', 67.640954, 53.039513);
INSERT INTO objects (object_id, parent_id, type_id, title, address, lat, lon) VALUES (202586, 200149, 3, '2', 'ул.Сталеваров, д. 43', 59.124545, 37.90198);
INSERT INTO objects (object_id, parent_id, type_id, title, address, lat, lon) VALUES (202587, 200149, 3, '3', 'ул.Архангельская, д. 68', 59.121211, 37.981626);
INSERT INTO objects (object_id, parent_id, type_id, title, address, lat, lon) VALUES (202576, 200050, 3, '2', 'ул.Чехова, д. 9', 59.216786, 39.870361);
INSERT INTO objects (object_id, parent_id, type_id, title, address, lat, lon) VALUES (223708, 200039, 3, '7', 'ул.Мостостроителей, д. 72', 64.504148, 40.727405);
INSERT INTO objects (object_id, parent_id, type_id, title, address, lat, lon) VALUES (202584, 200165, 3, '11', 'ул.Островского, д. 3/1', 61.805417, 50.724611);
INSERT INTO objects (object_id, parent_id, type_id, title, address, lat, lon) VALUES (202571, 200135, 3, '1', 'ул. Мельникова, д. 25, стр. 1', 64.411917, 40.817111);
INSERT INTO objects (object_id, parent_id, type_id, title, address, lat, lon) VALUES (202580, 200138, 3, '3', 'ул.Гагарина, д. 6', 67.505278, 64.059444);
INSERT INTO objects (object_id, parent_id, type_id, title, address, lat, lon) VALUES (224423, 224422, 3, '1', 'ул.Ленина, д. 212', 63.595833, 54.0375);
INSERT INTO objects (object_id, parent_id, type_id, title, address, lat, lon) VALUES (202572, 200135, 3, '3', 'ул.Космонавтов, д. 9', 64.419999, 40.805242);
INSERT INTO objects (object_id, parent_id, type_id, title, address, lat, lon) VALUES (209581, 200149, 3, '7', 'пр.Октябрьский, д. 42', 59.097657, 37.912157);
INSERT INTO objects (object_id, parent_id, type_id, title, address, lat, lon) VALUES (202566, 200039, 3, '4', 'ул.Воскресенская, д. 99с2', 64.548435, 40.561032);
INSERT INTO objects (object_id, parent_id, type_id, title, address, lat, lon) VALUES (211024, 200149, 3, '6', 'пр-т.Советский, д. 90', 59.12868, 37.933618);
INSERT INTO objects (object_id, parent_id, type_id, title, address, lat, lon) VALUES (223704, 200165, 3, '1', 'м.Дырнос, д. 88', 61.677068, 50.784797);
INSERT INTO objects (object_id, parent_id, type_id, title, address, lat, lon) VALUES (202569, 200039, 3, '5', 'пр-т Ленинградский, д. 281/1с2', 64.504208, 40.676908);
INSERT INTO objects (object_id, parent_id, type_id, title, address, lat, lon) VALUES (223699, 200050, 3, '3', 'д.Сененково- 2', 59.318056, 39.925278);
INSERT INTO objects (object_id, parent_id, type_id, title, address, lat, lon) VALUES (202583, 200165, 3, '10', 'ул.Мира, д. 7', 61.804528, 50.74028);
INSERT INTO objects (object_id, parent_id, type_id, title, address, lat, lon) VALUES (223706, 200154, 3, '4', 'Округ Ухта Аэропорт', 63.575677, 53.806102);
INSERT INTO objects (object_id, parent_id, type_id, title, address, lat, lon) VALUES (202573, 200074, 3, '1', 'пр-т Труда, д. 48', 64.551889, 39.803417);
INSERT INTO objects (object_id, parent_id, type_id, title, address, lat, lon) VALUES (202585, 200149, 3, '1', 'ул. Чкалова, д.28', 59.130105, 37.87632);
INSERT INTO objects (object_id, parent_id, type_id, title, address, lat, lon) VALUES (202588, 200149, 3, '5', 'ул.Окинина, д. 7 (ул.Пионерская, д. 29)', 59.147541, 37.94556);


INSERT INTO post_infos (object_id, last_polling_date_time, is_listened) VALUES (202570, NULL, TRUE);
INSERT INTO post_infos (object_id, last_polling_date_time, is_listened) VALUES (223707, NULL, TRUE);
INSERT INTO post_infos (object_id, last_polling_date_time, is_listened) VALUES (224416, NULL, TRUE);
INSERT INTO post_infos (object_id, last_polling_date_time, is_listened) VALUES (229257, NULL, TRUE);
INSERT INTO post_infos (object_id, last_polling_date_time, is_listened) VALUES (202581, NULL, TRUE);
INSERT INTO post_infos (object_id, last_polling_date_time, is_listened) VALUES (202579, NULL, TRUE);
INSERT INTO post_infos (object_id, last_polling_date_time, is_listened) VALUES (223709, NULL, TRUE);
INSERT INTO post_infos (object_id, last_polling_date_time, is_listened) VALUES (202582, NULL, TRUE);
INSERT INTO post_infos (object_id, last_polling_date_time, is_listened) VALUES (202577, NULL, TRUE);
INSERT INTO post_infos (object_id, last_polling_date_time, is_listened) VALUES (202574, NULL, TRUE);
INSERT INTO post_infos (object_id, last_polling_date_time, is_listened) VALUES (202578, NULL, TRUE);
INSERT INTO post_infos (object_id, last_polling_date_time, is_listened) VALUES (202575, NULL, TRUE);
INSERT INTO post_infos (object_id, last_polling_date_time, is_listened) VALUES (223710, NULL, TRUE);
INSERT INTO post_infos (object_id, last_polling_date_time, is_listened) VALUES (226007, NULL, TRUE);
INSERT INTO post_infos (object_id, last_polling_date_time, is_listened) VALUES (202586, NULL, TRUE);
INSERT INTO post_infos (object_id, last_polling_date_time, is_listened) VALUES (202587, NULL, TRUE);
INSERT INTO post_infos (object_id, last_polling_date_time, is_listened) VALUES (202576, NULL, TRUE);
INSERT INTO post_infos (object_id, last_polling_date_time, is_listened) VALUES (223708, NULL, TRUE);
INSERT INTO post_infos (object_id, last_polling_date_time, is_listened) VALUES (202584, NULL, TRUE);
INSERT INTO post_infos (object_id, last_polling_date_time, is_listened) VALUES (202571, NULL, TRUE);
INSERT INTO post_infos (object_id, last_polling_date_time, is_listened) VALUES (202580, NULL, TRUE);
INSERT INTO post_infos (object_id, last_polling_date_time, is_listened) VALUES (224423, NULL, TRUE);
INSERT INTO post_infos (object_id, last_polling_date_time, is_listened) VALUES (202572, NULL, TRUE);
INSERT INTO post_infos (object_id, last_polling_date_time, is_listened) VALUES (209581, NULL, TRUE);
INSERT INTO post_infos (object_id, last_polling_date_time, is_listened) VALUES (202566, NULL, TRUE);
INSERT INTO post_infos (object_id, last_polling_date_time, is_listened) VALUES (211024, NULL, TRUE);
INSERT INTO post_infos (object_id, last_polling_date_time, is_listened) VALUES (223704, NULL, TRUE);
INSERT INTO post_infos (object_id, last_polling_date_time, is_listened) VALUES (202569, NULL, TRUE);
INSERT INTO post_infos (object_id, last_polling_date_time, is_listened) VALUES (223699, NULL, TRUE);
INSERT INTO post_infos (object_id, last_polling_date_time, is_listened) VALUES (202583, NULL, TRUE);
INSERT INTO post_infos (object_id, last_polling_date_time, is_listened) VALUES (223706, NULL, TRUE);
INSERT INTO post_infos (object_id, last_polling_date_time, is_listened) VALUES (202573, NULL, TRUE);
INSERT INTO post_infos (object_id, last_polling_date_time, is_listened) VALUES (202585, NULL, TRUE);
INSERT INTO post_infos (object_id, last_polling_date_time, is_listened) VALUES (202588, NULL, TRUE);


INSERT INTO columns (column_id, title, short_title, formula, obj_field, code) VALUES (1, 'Дата/срок', 'Дата/срок', null, 'date_time', null);
INSERT INTO columns (column_id, title, short_title, formula, obj_field, code) VALUES (2, 'Пост', 'Пост', null, 'obj_name', null);
INSERT INTO columns (column_id, title, short_title, formula, obj_field, code) VALUES (3, 'Температура воздуха', 'Т-ра возд.', null, 'temp', null);
INSERT INTO columns (column_id, title, short_title, formula, obj_field, code) VALUES (4, 'Давление', 'Давление', null, 'pressure', null);
INSERT INTO columns (column_id, title, short_title, formula, obj_field, code) VALUES (5, 'Направление ветра x10', 'Напр. ветра x10', null, 'wind_dir_str', null);
INSERT INTO columns (column_id, title, short_title, formula, obj_field, code) VALUES (6, 'Скорость ветра', 'Скор. ветра', null, 'wind_speed', null);
INSERT INTO columns (column_id, title, short_title, formula, obj_field, code) VALUES (7, 'Влажность', 'Влажность', null, 'humid', null);
INSERT INTO columns (column_id, title, short_title, formula, obj_field, code) VALUES (8, 'Упругость водяного пара', 'Упругость водяного пара', null, 'water_vapor_elasticity', null);
INSERT INTO columns (column_id, title, short_title, formula, obj_field, code) VALUES (9, 'Атм. явление', 'Атм. явление', null, 'atm_phenom', null);
INSERT INTO columns (column_id, title, short_title, formula, obj_field, code) VALUES (10, 'Общая пыль (TSP)', 'Общая пыль', 'TSP', 'v_202931', null);
INSERT INTO columns (column_id, title, short_title, formula, obj_field, code) VALUES (11, 'Взвешенные вещества (пыль)', 'Пыль', 'Пыль', 'v_202917', '001');
INSERT INTO columns (column_id, title, short_title, formula, obj_field, code) VALUES (12, 'Ангидрид сернистый (Диоксид серы)', 'Дксд серы', 'SO<sub>2</sub>', 'v_202918', '002');
INSERT INTO columns (column_id, title, short_title, formula, obj_field, code) VALUES (13, 'Углерода оксид', 'Угл.оксид', 'CO', 'v_202919', '004');
INSERT INTO columns (column_id, title, short_title, formula, obj_field, code) VALUES (14, 'Азота диоксид', 'Дксд азота', 'NO<sub>2</sub>', 'v_202920', '005');
INSERT INTO columns (column_id, title, short_title, formula, obj_field, code) VALUES (15, 'Азота оксид', 'Окс азота', 'NO', 'v_202921', '006');
INSERT INTO columns (column_id, title, short_title, formula, obj_field, code) VALUES (16, 'Сероводород', 'Сер.вод-д', 'H<sub>2</sub>S', 'v_202932', '008');
INSERT INTO columns (column_id, title, short_title, formula, obj_field, code) VALUES (17, 'Фенол', 'Фенол', 'C<sub>6</sub>H<sub>5</sub>OH', 'v_202935', '010');
INSERT INTO columns (column_id, title, short_title, formula, obj_field, code) VALUES (18, 'Формальдегид', 'Ф-альдегид', 'CH<sub>2</sub>O', 'v_202924', '022');
INSERT INTO columns (column_id, title, short_title, formula, obj_field, code) VALUES (19, 'Бензол', 'Бензол', 'C<sub>6</sub>H<sub>6</sub>', 'v_202925', '028');
INSERT INTO columns (column_id, title, short_title, formula, obj_field, code) VALUES (20, 'Диметилбензол (смесь изомеров, ксилол)', 'Диметилбензол', 'C<sub>6</sub>H<sub>4</sub>(CH<sub>3</sub>)<sub>2</sub>', 'v_203565', '047');
INSERT INTO columns (column_id, title, short_title, formula, obj_field, code) VALUES (21, 'Стирол', 'Стирол', 'C<sub>8</sub>H<sub>8</sub>', 'v_209190', '068');
INSERT INTO columns (column_id, title, short_title, formula, obj_field, code) VALUES (22, 'Метилбензол (толуол)', 'Толуол', 'C<sub>6</sub>H<sub>5</sub>CH<sub>3</sub>', 'v_203570', '071');
INSERT INTO columns (column_id, title, short_title, formula, obj_field, code) VALUES (23, 'Хлорбензол', 'Хлорбензол', 'C<sub>6</sub>H<sub>5</sub>Cl', 'v_203551', '077');
INSERT INTO columns (column_id, title, short_title, formula, obj_field, code) VALUES (24, 'Этилбензол', 'Этилбензол', 'C<sub>6</sub>H<sub>5</sub>C<sub>2</sub>H<sub>5</sub>', 'v_202936', '083');
INSERT INTO columns (column_id, title, short_title, formula, obj_field, code) VALUES (25, '1,2-диметилбензол (ортоксилол)', 'Ортоксилол', 'C<sub>6</sub>H<sub>4</sub>-о-(CH<sub>3</sub>)<sub>2</sub>', 'v_203569', '147');
INSERT INTO columns (column_id, title, short_title, formula, obj_field, code) VALUES (26, 'Взвешенные частицы РМ10 (за 20 мин)', 'РМ10', 'РМ<sub>1</sub><sub>0</sub>', 'v_203557', '201');
INSERT INTO columns (column_id, title, short_title, formula, obj_field, code) VALUES (27, '1,3-диметилбензол (метаксилол)', 'Метаксилол', 'C<sub>6</sub>H<sub>4</sub>-м-(CH<sub>3</sub>)<sub>2</sub>', 'v_203568', '247');
INSERT INTO columns (column_id, title, short_title, formula, obj_field, code) VALUES (28, 'Взвешенные частицы РМ2.5 (за 20 мин)', 'РМ2.5', 'РМ<sub>2</sub><sub>5</sub>', 'v_203559', '301');
INSERT INTO columns (column_id, title, short_title, formula, obj_field, code) VALUES (29, '1,4-диметилбензол (параксилол)', 'Параксилол', 'C<sub>6</sub>H<sub>4</sub>-п-(CH<sub>3</sub>)<sub>2</sub>', 'v_203577', '347');
INSERT INTO columns (column_id, title, short_title, formula, obj_field, code) VALUES (30, 'Взвешенные частицы РМ1 (за 20 мин)', 'РМ1', 'РМ<sub>1</sub>', 'v_211082', '601');
INSERT INTO columns (column_id, title, short_title, formula, obj_field, code) VALUES (31, 'Температура воздуха внут', 'Т-ра возд. внут', null, 'temp_int', null);
INSERT INTO columns (column_id, title, short_title, formula, obj_field, code) VALUES (32, 'Влажность внут', 'Влажность внут', null, 'humid_int', null);


INSERT INTO qualities (quality_id, caption, color, priority, title) VALUES (1, 'Измерения не проводились (запрет данных)', '#eeeeee', 110, 'нет данных');
INSERT INTO qualities (quality_id, caption, color, priority, title) VALUES (2, 'Корректируемое значение', '#ccccff', 80, 'корректировка');
INSERT INTO qualities (quality_id, caption, color, priority, title) VALUES (3, 'Данные, прошедшие проверку', '#ccffcc', 100, 'достоверно');
INSERT INTO qualities (quality_id, caption, color, priority, title) VALUES (4, 'Сомнительные данные', '#ffffcc', 40, 'сомнительно');
INSERT INTO qualities (quality_id, caption, color, priority, title) VALUES (5, 'Данные, выходящие за пределы измерения', '#ffe5ba', 60, 'вне диапазона');
INSERT INTO qualities (quality_id, caption, color, priority, title) VALUES (6, 'Данные, содержащие ошибку', '#ffcccc', 60, 'забраковано');
INSERT INTO qualities (quality_id, caption, color, priority, title) VALUES (7, 'Данные, полученные расчетным способом', '#eeeef8', 100, 'расчет');


INSERT INTO roles (role_id, title, name) VALUES (1, 'Администратор', 'Admin');
INSERT INTO roles (role_id, title, name) VALUES (2, 'Пользователь', 'User');


INSERT INTO permissions (permission_id, name, title) VALUES (1, 'canExport', 'Экспорт данных');
INSERT INTO permissions (permission_id, name, title) VALUES (2, 'canFilter', 'Фильтрация данных');


INSERT INTO users (user_id, login, password_hash, role_id, is_blocked) VALUES (1, 'Admin', '$2a$11$Hr58SkFGxTJLQEyAvrlmAOyMRsJvWNBy3nDCaj.hQbHU7CnN413z6', 1, false);
INSERT INTO users (user_id, login, password_hash, role_id, is_blocked) VALUES (2, 'Novodvinsk', '$2a$11$xY05OesGNvOXp.y/ssFVXeeZ4qjwAK9zJKx0WdUWYdt5D8d00ycDC', 2, false);
INSERT INTO users (user_id, login, password_hash, role_id, is_blocked) VALUES (3, 'TestTest', '$2a$10$YVbtKCE1xR9lIZ0ZLZfU3ez9uiOJO1ynmmTnsqMUVF9v.Fm36MQlW', 1, false);


INSERT INTO user_posts (user_id, object_id) VALUES (1, 202566);
INSERT INTO user_posts (user_id, object_id) VALUES (1, 202569);
INSERT INTO user_posts (user_id, object_id) VALUES (1, 202570);
INSERT INTO user_posts (user_id, object_id) VALUES (1, 202571);
INSERT INTO user_posts (user_id, object_id) VALUES (1, 202572);
INSERT INTO user_posts (user_id, object_id) VALUES (1, 202573);
INSERT INTO user_posts (user_id, object_id) VALUES (1, 202574);
INSERT INTO user_posts (user_id, object_id) VALUES (1, 202575);
INSERT INTO user_posts (user_id, object_id) VALUES (1, 202576);
INSERT INTO user_posts (user_id, object_id) VALUES (1, 202577);
INSERT INTO user_posts (user_id, object_id) VALUES (1, 202578);
INSERT INTO user_posts (user_id, object_id) VALUES (1, 202579);
INSERT INTO user_posts (user_id, object_id) VALUES (1, 202580);
INSERT INTO user_posts (user_id, object_id) VALUES (1, 202581);
INSERT INTO user_posts (user_id, object_id) VALUES (1, 202582);
INSERT INTO user_posts (user_id, object_id) VALUES (1, 202583);
INSERT INTO user_posts (user_id, object_id) VALUES (1, 202584);
INSERT INTO user_posts (user_id, object_id) VALUES (1, 202585);
INSERT INTO user_posts (user_id, object_id) VALUES (1, 202586);
INSERT INTO user_posts (user_id, object_id) VALUES (1, 202587);
INSERT INTO user_posts (user_id, object_id) VALUES (1, 202588);
INSERT INTO user_posts (user_id, object_id) VALUES (1, 209581);
INSERT INTO user_posts (user_id, object_id) VALUES (1, 211024);
INSERT INTO user_posts (user_id, object_id) VALUES (1, 223699);
INSERT INTO user_posts (user_id, object_id) VALUES (1, 223704);
INSERT INTO user_posts (user_id, object_id) VALUES (1, 223706);
INSERT INTO user_posts (user_id, object_id) VALUES (1, 223707);
INSERT INTO user_posts (user_id, object_id) VALUES (1, 223708);
INSERT INTO user_posts (user_id, object_id) VALUES (1, 223709);
INSERT INTO user_posts (user_id, object_id) VALUES (1, 223710);
INSERT INTO user_posts (user_id, object_id) VALUES (1, 224416);
INSERT INTO user_posts (user_id, object_id) VALUES (1, 224423);
INSERT INTO user_posts (user_id, object_id) VALUES (1, 226007);
INSERT INTO user_posts (user_id, object_id) VALUES (1, 229257);
INSERT INTO user_posts (user_id, object_id) VALUES (2, 202572);
INSERT INTO user_posts (user_id, object_id) VALUES (2, 202571);
INSERT INTO user_posts (user_id, object_id) VALUES (3, 202566);
INSERT INTO user_posts (user_id, object_id) VALUES (3, 202569);
INSERT INTO user_posts (user_id, object_id) VALUES (3, 202570);
INSERT INTO user_posts (user_id, object_id) VALUES (3, 202571);
INSERT INTO user_posts (user_id, object_id) VALUES (3, 202572);
INSERT INTO user_posts (user_id, object_id) VALUES (3, 202573);
INSERT INTO user_posts (user_id, object_id) VALUES (3, 202574);
INSERT INTO user_posts (user_id, object_id) VALUES (3, 202575);
INSERT INTO user_posts (user_id, object_id) VALUES (3, 202576);
INSERT INTO user_posts (user_id, object_id) VALUES (3, 202577);
INSERT INTO user_posts (user_id, object_id) VALUES (3, 202578);
INSERT INTO user_posts (user_id, object_id) VALUES (3, 202579);
INSERT INTO user_posts (user_id, object_id) VALUES (3, 202580);
INSERT INTO user_posts (user_id, object_id) VALUES (3, 202581);
INSERT INTO user_posts (user_id, object_id) VALUES (3, 202582);
INSERT INTO user_posts (user_id, object_id) VALUES (3, 202583);
INSERT INTO user_posts (user_id, object_id) VALUES (3, 202584);
INSERT INTO user_posts (user_id, object_id) VALUES (3, 202585);
INSERT INTO user_posts (user_id, object_id) VALUES (3, 202586);
INSERT INTO user_posts (user_id, object_id) VALUES (3, 202587);
INSERT INTO user_posts (user_id, object_id) VALUES (3, 202588);
INSERT INTO user_posts (user_id, object_id) VALUES (3, 209581);
INSERT INTO user_posts (user_id, object_id) VALUES (3, 211024);
INSERT INTO user_posts (user_id, object_id) VALUES (3, 223699);
INSERT INTO user_posts (user_id, object_id) VALUES (3, 223704);
INSERT INTO user_posts (user_id, object_id) VALUES (3, 223706);
INSERT INTO user_posts (user_id, object_id) VALUES (3, 223707);
INSERT INTO user_posts (user_id, object_id) VALUES (3, 223708);
INSERT INTO user_posts (user_id, object_id) VALUES (3, 223709);
INSERT INTO user_posts (user_id, object_id) VALUES (3, 223710);
INSERT INTO user_posts (user_id, object_id) VALUES (3, 224416);
INSERT INTO user_posts (user_id, object_id) VALUES (3, 224423);
INSERT INTO user_posts (user_id, object_id) VALUES (3, 226007);
INSERT INTO user_posts (user_id, object_id) VALUES (3, 229257);


INSERT INTO user_permissions (user_id, permission_id) VALUES (1, 1);
INSERT INTO user_permissions (user_id, permission_id) VALUES (1, 2);
INSERT INTO user_permissions (user_id, permission_id) VALUES (3, 1);
INSERT INTO user_permissions (user_id, permission_id) VALUES (3, 2);


INSERT INTO user_columns (user_id, column_id) VALUES (1, 1);
INSERT INTO user_columns (user_id, column_id) VALUES (1, 2);
INSERT INTO user_columns (user_id, column_id) VALUES (1, 3);
INSERT INTO user_columns (user_id, column_id) VALUES (1, 4);
INSERT INTO user_columns (user_id, column_id) VALUES (1, 5);
INSERT INTO user_columns (user_id, column_id) VALUES (1, 6);
INSERT INTO user_columns (user_id, column_id) VALUES (1, 7);
INSERT INTO user_columns (user_id, column_id) VALUES (1, 8);
INSERT INTO user_columns (user_id, column_id) VALUES (1, 9);
INSERT INTO user_columns (user_id, column_id) VALUES (1, 10);
INSERT INTO user_columns (user_id, column_id) VALUES (1, 11);
INSERT INTO user_columns (user_id, column_id) VALUES (1, 12);
INSERT INTO user_columns (user_id, column_id) VALUES (1, 13);
INSERT INTO user_columns (user_id, column_id) VALUES (1, 14);
INSERT INTO user_columns (user_id, column_id) VALUES (1, 15);
INSERT INTO user_columns (user_id, column_id) VALUES (1, 16);
INSERT INTO user_columns (user_id, column_id) VALUES (1, 17);
INSERT INTO user_columns (user_id, column_id) VALUES (1, 18);
INSERT INTO user_columns (user_id, column_id) VALUES (1, 19);
INSERT INTO user_columns (user_id, column_id) VALUES (1, 20);
INSERT INTO user_columns (user_id, column_id) VALUES (1, 21);
INSERT INTO user_columns (user_id, column_id) VALUES (1, 22);
INSERT INTO user_columns (user_id, column_id) VALUES (1, 23);
INSERT INTO user_columns (user_id, column_id) VALUES (1, 24);
INSERT INTO user_columns (user_id, column_id) VALUES (1, 25);
INSERT INTO user_columns (user_id, column_id) VALUES (1, 26);
INSERT INTO user_columns (user_id, column_id) VALUES (1, 27);
INSERT INTO user_columns (user_id, column_id) VALUES (1, 28);
INSERT INTO user_columns (user_id, column_id) VALUES (1, 29);
INSERT INTO user_columns (user_id, column_id) VALUES (1, 30);
INSERT INTO user_columns (user_id, column_id) VALUES (1, 31);
INSERT INTO user_columns (user_id, column_id) VALUES (1, 32);
INSERT INTO user_columns (user_id, column_id) VALUES (2, 1);
INSERT INTO user_columns (user_id, column_id) VALUES (2, 2);
INSERT INTO user_columns (user_id, column_id) VALUES (2, 3);
INSERT INTO user_columns (user_id, column_id) VALUES (2, 5);
INSERT INTO user_columns (user_id, column_id) VALUES (2, 6);
INSERT INTO user_columns (user_id, column_id) VALUES (2, 16);
INSERT INTO user_columns (user_id, column_id) VALUES (3, 1);
INSERT INTO user_columns (user_id, column_id) VALUES (3, 2);
INSERT INTO user_columns (user_id, column_id) VALUES (3, 3);
INSERT INTO user_columns (user_id, column_id) VALUES (3, 4);
INSERT INTO user_columns (user_id, column_id) VALUES (3, 5);
INSERT INTO user_columns (user_id, column_id) VALUES (3, 6);
INSERT INTO user_columns (user_id, column_id) VALUES (3, 7);
INSERT INTO user_columns (user_id, column_id) VALUES (3, 8);
INSERT INTO user_columns (user_id, column_id) VALUES (3, 9);
INSERT INTO user_columns (user_id, column_id) VALUES (3, 10);
INSERT INTO user_columns (user_id, column_id) VALUES (3, 11);
INSERT INTO user_columns (user_id, column_id) VALUES (3, 12);
INSERT INTO user_columns (user_id, column_id) VALUES (3, 13);
INSERT INTO user_columns (user_id, column_id) VALUES (3, 14);
INSERT INTO user_columns (user_id, column_id) VALUES (3, 15);
INSERT INTO user_columns (user_id, column_id) VALUES (3, 16);
INSERT INTO user_columns (user_id, column_id) VALUES (3, 17);
INSERT INTO user_columns (user_id, column_id) VALUES (3, 18);
INSERT INTO user_columns (user_id, column_id) VALUES (3, 19);
INSERT INTO user_columns (user_id, column_id) VALUES (3, 20);
INSERT INTO user_columns (user_id, column_id) VALUES (3, 21);
INSERT INTO user_columns (user_id, column_id) VALUES (3, 22);
INSERT INTO user_columns (user_id, column_id) VALUES (3, 23);
INSERT INTO user_columns (user_id, column_id) VALUES (3, 24);
INSERT INTO user_columns (user_id, column_id) VALUES (3, 25);
INSERT INTO user_columns (user_id, column_id) VALUES (3, 26);
INSERT INTO user_columns (user_id, column_id) VALUES (3, 27);
INSERT INTO user_columns (user_id, column_id) VALUES (3, 28);
INSERT INTO user_columns (user_id, column_id) VALUES (3, 29);
INSERT INTO user_columns (user_id, column_id) VALUES (3, 30);
INSERT INTO user_columns (user_id, column_id) VALUES (3, 31);
INSERT INTO user_columns (user_id, column_id) VALUES (3, 32);
